{"cameraMode":{"drawMode":0,"name":"Shaded","section":"Shading Mode"},"sceneLighting":true,"audioPlay":false,"sceneViewState":{"showFog":true,"showMaterialUpdate":false,"showSkybox":true,"showFlares":true,"showImageEffects":true,"showParticleSystems":true},"in2DMode":false,"pivot":{"x":0.34924978017807009,"y":1.6785011291503907,"z":3.176514148712158},"rotation":{"x":0.12315480411052704,"y":-0.7101389169692993,"z":0.12832923233509065,"w":0.6812705397605896},"size":9.445340156555176,"orthographic":false}