{"cameraMode":{"drawMode":0,"name":"Shaded","section":"Shading Mode"},"sceneLighting":true,"audioPlay":false,"sceneViewState":{"showFog":true,"showMaterialUpdate":false,"showSkybox":true,"showFlares":true,"showImageEffects":true,"showParticleSystems":true},"in2DMode":false,"pivot":{"x":-697.1007690429688,"y":85.8370361328125,"z":-36.87694549560547},"rotation":{"x":0.0558447539806366,"y":0.7348846793174744,"z":-0.06102979928255081,"w":0.6732991337776184},"size":283.57177734375,"orthographic":false}