{"cameraMode":{"drawMode":0,"name":"Shaded","section":"Shading Mode"},"sceneLighting":true,"audioPlay":false,"sceneViewState":{"showFog":true,"showMaterialUpdate":false,"showSkybox":true,"showFlares":true,"showImageEffects":true,"showParticleSystems":true},"in2DMode":false,"pivot":{"x":-622.3474731445313,"y":21.492128372192384,"z":42.15278625488281},"rotation":{"x":0.12461946159601212,"y":0.29264697432518008,"z":-0.038567062467336658,"w":0.9473945498466492},"size":54.33216094970703,"orthographic":false}